time_step,total_population,resource_concentration,mutation_frequency,cooperation_index,competition_index,genotype_A_density,genotype_A'_density,genotype_A''_density,genotype_A'''_density,genotype_A''''_density,genotype_A'''''_density,genotype_A''''''_density,genotype_A'''''''_density,genotype_A''''''''_density,genotype_A'''''''''_density,genotype_A''''''''''_density,genotype_A'''''''''''_density,genotype_A''''''''''''_density,genotype_A'''''''''''''_density,genotype_A''''''''''''''_density,genotype_A'''''''''''''''_density,genotype_A''''''''''''''''_density,genotype_A'''''''''''''''''_density,genotype_A''''''''''''''''''_density,genotype_A'''''''''''''''''''_density,genotype_A''''''''''''''''''''_density,genotype_A'''''''''''''''''''''_density
0,125,900,2,1.25,2.5,0.936,0.064,,,,,,,,,,,,,,,,,,,,
1,150,775,3,1.5,3.0,0.8866666666666667,0.10666666666666667,0.006666666666666667,,,,,,,,,,,,,,,,,,,
2,174,625,3,1.74,3.48,0.8390804597701149,0.15517241379310345,0.005747126436781609,,,,,,,,,,,,,,,,,,,
3,203,451,3,2.0300000000000002,4.0600000000000005,0.7980295566502463,0.18719211822660098,0.014778325123152709,,,,,,,,,,,,,,,,,,,
4,243,248,3,2.43,4.86,0.7942386831275721,0.18106995884773663,0.024691358024691357,,,,,,,,,,,,,,,,,,,
5,305,5,3,3.0500000000000003,6.1000000000000005,0.760655737704918,0.21311475409836064,0.02622950819672131,,,,,,,,,,,,,,,,,,,
6,306,0,3,3.06,6.12,0.7222222222222222,0.24183006535947713,0.03594771241830065,,,,,,,,,,,,,,,,,,,
7,304,0,3,3.04,6.08,0.6875,0.26644736842105265,0.046052631578947366,,,,,,,,,,,,,,,,,,,
8,302,0,3,3.02,6.04,0.6556291390728477,0.2847682119205298,0.059602649006622516,,,,,,,,,,,,,,,,,,,
9,302,0,4,3.02,6.04,0.6192052980132451,0.3079470198675497,0.06622516556291391,0.006622516556291391,,,,,,,,,,,,,,,,,,
10,302,0,4,3.02,6.04,0.5894039735099338,0.3211920529801324,0.07947019867549669,0.009933774834437087,,,,,,,,,,,,,,,,,,
11,301,0,4,3.0100000000000002,6.0200000000000005,0.5514950166112956,0.33554817275747506,0.09966777408637874,0.013289036544850499,,,,,,,,,,,,,,,,,,
12,301,0,4,3.0100000000000002,6.0200000000000005,0.5016611295681063,0.3654485049833887,0.11627906976744186,0.016611295681063124,,,,,,,,,,,,,,,,,,
13,300,0,4,3.0,6.0,0.46,0.38333333333333336,0.12666666666666668,0.03,,,,,,,,,,,,,,,,,,
14,299,0,5,2.99,5.98,0.4280936454849498,0.39464882943143814,0.13712374581939799,0.03678929765886288,0.0033444816053511705,,,,,,,,,,,,,,,,,
15,298,0,5,2.98,5.96,0.40604026845637586,0.40268456375838924,0.1476510067114094,0.040268456375838924,0.003355704697986577,,,,,,,,,,,,,,,,,
16,298,0,5,2.98,5.96,0.3959731543624161,0.38926174496644295,0.16778523489932887,0.0436241610738255,0.003355704697986577,,,,,,,,,,,,,,,,,
17,297,0,5,2.97,5.94,0.36363636363636365,0.40404040404040403,0.1717171717171717,0.05387205387205387,0.006734006734006734,,,,,,,,,,,,,,,,,
18,297,0,5,2.97,5.94,0.3434343434343434,0.4074074074074074,0.18181818181818182,0.05723905723905724,0.010101010101010102,,,,,,,,,,,,,,,,,
19,296,0,5,2.96,5.92,0.32432432432432434,0.4189189189189189,0.18243243243243243,0.057432432432432436,0.016891891891891893,,,,,,,,,,,,,,,,,
20,295,0,6,2.95,5.9,0.3050847457627119,0.4101694915254237,0.2033898305084746,0.061016949152542375,0.01694915254237288,0.003389830508474576,,,,,,,,,,,,,,,,
21,293,0,6,2.93,5.86,0.2832764505119454,0.4129692832764505,0.21843003412969283,0.06484641638225255,0.013651877133105802,0.006825938566552901,,,,,,,,,,,,,,,,
22,292,0,7,2.92,5.84,0.2636986301369863,0.4178082191780822,0.2226027397260274,0.07534246575342465,0.0136986301369863,0.003424657534246575,0.003424657534246575,,,,,,,,,,,,,,,
23,289,0,7,2.89,5.78,0.2491349480968858,0.4083044982698962,0.2422145328719723,0.0726643598615917,0.020761245674740483,0.0034602076124567475,0.0034602076124567475,,,,,,,,,,,,,,,
24,289,0,7,2.89,5.78,0.2422145328719723,0.39792387543252594,0.2560553633217993,0.07612456747404844,0.020761245674740483,0.0034602076124567475,0.0034602076124567475,,,,,,,,,,,,,,,
25,288,0,7,2.88,5.76,0.23958333333333334,0.3993055555555556,0.2465277777777778,0.08333333333333333,0.024305555555555556,0.003472222222222222,0.003472222222222222,,,,,,,,,,,,,,,
26,285,0,7,2.85,5.7,0.23508771929824562,0.37543859649122807,0.2596491228070175,0.0912280701754386,0.031578947368421054,0.0035087719298245615,0.0035087719298245615,,,,,,,,,,,,,,,
27,285,0,7,2.85,5.7,0.22807017543859648,0.36140350877192984,0.2596491228070175,0.10877192982456141,0.031578947368421054,0.007017543859649123,0.0035087719298245615,,,,,,,,,,,,,,,
28,283,0,7,2.83,5.66,0.21908127208480566,0.3498233215547703,0.26501766784452296,0.10954063604240283,0.038869257950530034,0.014134275618374558,0.0035335689045936395,,,,,,,,,,,,,,,
29,281,0,7,2.81,5.62,0.21352313167259787,0.3238434163701068,0.27402135231316727,0.13523131672597866,0.03558718861209965,0.014234875444839857,0.0035587188612099642,,,,,,,,,,,,,,,
30,281,0,7,2.81,5.62,0.199288256227758,0.3238434163701068,0.2704626334519573,0.14590747330960854,0.03914590747330961,0.017793594306049824,0.0035587188612099642,,,,,,,,,,,,,,,
31,278,0,7,2.7800000000000002,5.5600000000000005,0.18705035971223022,0.3057553956834532,0.27697841726618705,0.15827338129496402,0.046762589928057555,0.02158273381294964,0.0035971223021582736,,,,,,,,,,,,,,,
32,277,0,7,2.77,5.54,0.18050541516245489,0.30685920577617326,0.26353790613718414,0.16606498194945848,0.05415162454873646,0.02527075812274368,0.0036101083032490976,,,,,,,,,,,,,,,
33,277,0,7,2.77,5.54,0.16967509025270758,0.2924187725631769,0.27075812274368233,0.16967509025270758,0.06859205776173286,0.02527075812274368,0.0036101083032490976,,,,,,,,,,,,,,,
34,273,0,7,2.73,5.46,0.16483516483516483,0.2783882783882784,0.28205128205128205,0.17216117216117216,0.0695970695970696,0.029304029304029304,0.003663003663003663,,,,,,,,,,,,,,,
35,271,0,6,2.71,5.42,0.15498154981549817,0.2767527675276753,0.2878228782287823,0.18081180811808117,0.06642066420664207,0.033210332103321034,,,,,,,,,,,,,,,,
36,270,0,7,2.7,5.4,0.15185185185185185,0.25555555555555554,0.29259259259259257,0.18518518518518517,0.07777777777777778,0.02962962962962963,0.007407407407407408,,,,,,,,,,,,,,,
37,270,0,7,2.7,5.4,0.14814814814814814,0.25555555555555554,0.2777777777777778,0.17407407407407408,0.1037037037037037,0.03333333333333333,0.007407407407407408,,,,,,,,,,,,,,,
38,269,0,7,2.69,5.38,0.137546468401487,0.24907063197026022,0.275092936802974,0.1895910780669145,0.10780669144981413,0.02973977695167286,0.011152416356877323,,,,,,,,,,,,,,,
39,267,0,7,2.67,5.34,0.1348314606741573,0.23220973782771537,0.27340823970037453,0.1947565543071161,0.11235955056179775,0.03745318352059925,0.0149812734082397,,,,,,,,,,,,,,,
40,266,0,7,2.66,5.32,0.12781954887218044,0.22932330827067668,0.2669172932330827,0.19172932330827067,0.12781954887218044,0.03759398496240601,0.018796992481203006,,,,,,,,,,,,,,,
41,264,0,7,2.64,5.28,0.125,0.21212121212121213,0.2689393939393939,0.20454545454545456,0.12878787878787878,0.03787878787878788,0.022727272727272728,,,,,,,,,,,,,,,
42,263,0,7,2.63,5.26,0.11406844106463879,0.21673003802281368,0.2737642585551331,0.19771863117870722,0.12927756653992395,0.045627376425855515,0.022813688212927757,,,,,,,,,,,,,,,
43,260,0,7,2.6,5.2,0.10384615384615385,0.21923076923076923,0.25769230769230766,0.2076923076923077,0.1346153846153846,0.05384615384615385,0.023076923076923078,,,,,,,,,,,,,,,
44,260,0,7,2.6,5.2,0.1,0.2153846153846154,0.25384615384615383,0.21153846153846154,0.13846153846153847,0.05384615384615385,0.026923076923076925,,,,,,,,,,,,,,,
45,259,0,8,2.59,5.18,0.09652509652509653,0.20463320463320464,0.24324324324324326,0.21235521235521235,0.15057915057915058,0.05405405405405406,0.03474903474903475,0.003861003861003861,,,,,,,,,,,,,,
46,257,0,8,2.57,5.14,0.0933852140077821,0.19455252918287938,0.23735408560311283,0.22568093385214008,0.14007782101167315,0.07003891050583658,0.03501945525291829,0.0038910505836575876,,,,,,,,,,,,,,
47,256,0,8,2.56,5.12,0.08984375,0.17578125,0.2421875,0.23046875,0.14453125,0.078125,0.03515625,0.00390625,,,,,,,,,,,,,,
48,255,0,8,2.5500000000000003,5.1000000000000005,0.0784313725490196,0.17647058823529413,0.23921568627450981,0.23529411764705882,0.1450980392156863,0.08627450980392157,0.03137254901960784,0.00784313725490196,,,,,,,,,,,,,,
49,254,0,8,2.54,5.08,0.07874015748031496,0.17716535433070865,0.21653543307086615,0.24015748031496062,0.15354330708661418,0.09055118110236221,0.031496062992125984,0.011811023622047244,,,,,,,,,,,,,,
50,254,0,8,2.54,5.08,0.07480314960629922,0.1732283464566929,0.21653543307086615,0.2440944881889764,0.14173228346456693,0.09448818897637795,0.04330708661417323,0.011811023622047244,,,,,,,,,,,,,,
51,253,0,9,2.5300000000000002,5.0600000000000005,0.05928853754940711,0.17786561264822134,0.22134387351778656,0.2450592885375494,0.15019762845849802,0.09090909090909091,0.039525691699604744,0.011857707509881422,0.003952569169960474,,,,,,,,,,,,,
52,250,0,9,2.5,5.0,0.056,0.172,0.216,0.236,0.168,0.088,0.048,0.012,0.004,,,,,,,,,,,,,
53,249,0,9,2.49,4.98,0.05220883534136546,0.1646586345381526,0.22088353413654618,0.23293172690763053,0.17269076305220885,0.08032128514056225,0.060240963855421686,0.012048192771084338,0.004016064257028112,,,,,,,,,,,,,
54,249,0,9,2.49,4.98,0.04819277108433735,0.1566265060240964,0.2248995983935743,0.21686746987951808,0.18473895582329317,0.09236947791164658,0.05622489959839357,0.01606425702811245,0.004016064257028112,,,,,,,,,,,,,
55,249,0,9,2.49,4.98,0.04819277108433735,0.14457831325301204,0.22088353413654618,0.2289156626506024,0.18072289156626506,0.10040160642570281,0.05622489959839357,0.01606425702811245,0.004016064257028112,,,,,,,,,,,,,
56,249,0,9,2.49,4.98,0.04417670682730924,0.14056224899598393,0.20883534136546184,0.23694779116465864,0.18875502008032127,0.08835341365461848,0.0642570281124498,0.020080321285140562,0.008032128514056224,,,,,,,,,,,,,
57,249,0,9,2.49,4.98,0.03614457831325301,0.14457831325301204,0.19678714859437751,0.24899598393574296,0.18072289156626506,0.0963855421686747,0.05622489959839357,0.0321285140562249,0.008032128514056224,,,,,,,,,,,,,
58,249,0,9,2.49,4.98,0.0321285140562249,0.13654618473895583,0.18875502008032127,0.2570281124497992,0.18875502008032127,0.08835341365461848,0.06827309236947791,0.028112449799196786,0.012048192771084338,,,,,,,,,,,,,
59,249,0,9,2.49,4.98,0.0321285140562249,0.13253012048192772,0.1927710843373494,0.24497991967871485,0.18875502008032127,0.0963855421686747,0.06827309236947791,0.028112449799196786,0.01606425702811245,,,,,,,,,,,,,
60,246,0,9,2.46,4.92,0.032520325203252036,0.12601626016260162,0.17886178861788618,0.25609756097560976,0.1951219512195122,0.09349593495934959,0.07723577235772358,0.024390243902439025,0.016260162601626018,,,,,,,,,,,,,
61,246,0,9,2.46,4.92,0.032520325203252036,0.11788617886178862,0.17479674796747968,0.25609756097560976,0.1951219512195122,0.1016260162601626,0.07317073170731707,0.032520325203252036,0.016260162601626018,,,,,,,,,,,,,
62,246,0,9,2.46,4.92,0.028455284552845527,0.11382113821138211,0.17073170731707318,0.25609756097560976,0.1951219512195122,0.10569105691056911,0.08130081300813008,0.032520325203252036,0.016260162601626018,,,,,,,,,,,,,
63,246,0,9,2.46,4.92,0.028455284552845527,0.10975609756097561,0.16666666666666666,0.24796747967479674,0.2032520325203252,0.10975609756097561,0.08536585365853659,0.028455284552845527,0.02032520325203252,,,,,,,,,,,,,
64,245,0,9,2.45,4.9,0.02040816326530612,0.09795918367346938,0.1836734693877551,0.24897959183673468,0.2,0.11428571428571428,0.08571428571428572,0.024489795918367346,0.024489795918367346,,,,,,,,,,,,,
65,243,0,10,2.43,4.86,0.0205761316872428,0.09465020576131687,0.18518518518518517,0.23868312757201646,0.20164609053497942,0.11934156378600823,0.08641975308641975,0.02880658436213992,0.0205761316872428,0.00411522633744856,,,,,,,,,,,,
66,243,0,10,2.43,4.86,0.01646090534979424,0.09876543209876543,0.18106995884773663,0.23868312757201646,0.19753086419753085,0.12757201646090535,0.0823045267489712,0.03292181069958848,0.01646090534979424,0.00823045267489712,,,,,,,,,,,,
67,243,0,10,2.43,4.86,0.01646090534979424,0.09465020576131687,0.17695473251028807,0.2345679012345679,0.20164609053497942,0.13168724279835392,0.08641975308641975,0.03292181069958848,0.01646090534979424,0.00823045267489712,,,,,,,,,,,,
68,242,0,10,2.42,4.84,0.01652892561983471,0.09504132231404959,0.1652892561983471,0.24380165289256198,0.19008264462809918,0.14049586776859505,0.09090909090909091,0.03305785123966942,0.01652892561983471,0.008264462809917356,,,,,,,,,,,,
69,242,0,10,2.42,4.84,0.01652892561983471,0.09504132231404959,0.16115702479338842,0.23140495867768596,0.19421487603305784,0.1446280991735537,0.09504132231404959,0.03305785123966942,0.01652892561983471,0.012396694214876033,,,,,,,,,,,,
70,242,0,10,2.42,4.84,0.01652892561983471,0.08677685950413223,0.16942148760330578,0.19834710743801653,0.2231404958677686,0.13636363636363635,0.10330578512396695,0.03305785123966942,0.02066115702479339,0.012396694214876033,,,,,,,,,,,,
71,240,0,10,2.4,4.8,0.0125,0.08333333333333333,0.17083333333333334,0.2,0.21666666666666667,0.13333333333333333,0.1125,0.03333333333333333,0.025,0.0125,,,,,,,,,,,,
72,238,0,10,2.38,4.76,0.008403361344537815,0.07563025210084033,0.1638655462184874,0.21428571428571427,0.2184873949579832,0.13025210084033614,0.1134453781512605,0.04201680672268908,0.01680672268907563,0.01680672268907563,,,,,,,,,,,,
73,238,0,10,2.38,4.76,0.008403361344537815,0.06302521008403361,0.16806722689075632,0.20168067226890757,0.23949579831932774,0.12605042016806722,0.1092436974789916,0.05042016806722689,0.01680672268907563,0.01680672268907563,,,,,,,,,,,,
74,236,0,10,2.36,4.72,0.00847457627118644,0.0635593220338983,0.1483050847457627,0.21610169491525424,0.23728813559322035,0.13559322033898305,0.09745762711864407,0.059322033898305086,0.01694915254237288,0.01694915254237288,,,,,,,,,,,,
75,234,0,11,2.34,4.68,0.008547008547008548,0.05982905982905983,0.14957264957264957,0.21794871794871795,0.2264957264957265,0.13247863247863248,0.10256410256410256,0.06837606837606838,0.017094017094017096,0.01282051282051282,0.004273504273504274,,,,,,,,,,,
76,231,0,11,2.31,4.62,0.004329004329004329,0.05627705627705628,0.1471861471861472,0.22077922077922077,0.21645021645021645,0.15151515151515152,0.09523809523809523,0.0735930735930736,0.017316017316017316,0.008658008658008658,0.008658008658008658,,,,,,,,,,,
77,231,0,11,2.31,4.62,0.004329004329004329,0.05194805194805195,0.1471861471861472,0.21645021645021645,0.20346320346320346,0.16017316017316016,0.10822510822510822,0.06060606060606061,0.025974025974025976,0.012987012987012988,0.008658008658008658,,,,,,,,,,,
78,231,0,11,2.31,4.62,0.004329004329004329,0.05194805194805195,0.13852813852813853,0.21645021645021645,0.20346320346320346,0.16017316017316016,0.11255411255411256,0.06493506493506493,0.025974025974025976,0.012987012987012988,0.008658008658008658,,,,,,,,,,,
79,231,0,11,2.31,4.62,0.004329004329004329,0.05194805194805195,0.13852813852813853,0.20346320346320346,0.2077922077922078,0.16017316017316016,0.10822510822510822,0.0735930735930736,0.030303030303030304,0.012987012987012988,0.008658008658008658,,,,,,,,,,,
80,231,0,12,2.31,4.62,0.004329004329004329,0.047619047619047616,0.14285714285714285,0.19913419913419914,0.19480519480519481,0.17316017316017315,0.1038961038961039,0.07792207792207792,0.03463203463203463,0.012987012987012988,0.004329004329004329,0.004329004329004329,,,,,,,,,,
81,229,0,12,2.29,4.58,0.004366812227074236,0.043668122270742356,0.13973799126637554,0.20087336244541484,0.19213973799126638,0.1703056768558952,0.11353711790393013,0.07423580786026202,0.034934497816593885,0.017467248908296942,0.004366812227074236,0.004366812227074236,,,,,,,,,,
82,228,0,11,2.2800000000000002,4.5600000000000005,,0.043859649122807015,0.13596491228070176,0.18421052631578946,0.20175438596491227,0.17982456140350878,0.11403508771929824,0.07456140350877193,0.039473684210526314,0.017543859649122806,0.0043859649122807015,0.0043859649122807015,,,,,,,,,,
83,227,0,11,2.27,4.54,,0.039647577092511016,0.1277533039647577,0.18502202643171806,0.21145374449339208,0.1762114537444934,0.11013215859030837,0.08370044052863436,0.03524229074889868,0.01762114537444934,0.00881057268722467,0.004405286343612335,,,,,,,,,,
84,227,0,11,2.27,4.54,,0.039647577092511016,0.12334801762114538,0.1762114537444934,0.22466960352422907,0.16740088105726872,0.11013215859030837,0.0881057268722467,0.039647577092511016,0.01762114537444934,0.00881057268722467,0.004405286343612335,,,,,,,,,,
85,226,0,11,2.2600000000000002,4.5200000000000005,,0.03982300884955752,0.11504424778761062,0.17256637168141592,0.22566371681415928,0.17256637168141592,0.11061946902654868,0.08849557522123894,0.03982300884955752,0.022123893805309734,0.008849557522123894,0.004424778761061947,,,,,,,,,,
86,226,0,11,2.2600000000000002,4.5200000000000005,,0.03982300884955752,0.10619469026548672,0.17699115044247787,0.23008849557522124,0.1592920353982301,0.12389380530973451,0.08849557522123894,0.03982300884955752,0.022123893805309734,0.008849557522123894,0.004424778761061947,,,,,,,,,,
87,226,0,11,2.2600000000000002,4.5200000000000005,,0.035398230088495575,0.11061946902654868,0.168141592920354,0.22123893805309736,0.168141592920354,0.12831858407079647,0.084070796460177,0.048672566371681415,0.017699115044247787,0.01327433628318584,0.004424778761061947,,,,,,,,,,
88,225,0,11,2.25,4.5,,0.035555555555555556,0.10666666666666667,0.16444444444444445,0.20444444444444446,0.18222222222222223,0.13333333333333333,0.08444444444444445,0.05333333333333334,0.017777777777777778,0.013333333333333334,0.0044444444444444444,,,,,,,,,,
89,224,0,11,2.24,4.48,,0.03571428571428571,0.10714285714285714,0.16517857142857142,0.1875,0.19196428571428573,0.13839285714285715,0.07589285714285714,0.05803571428571429,0.022321428571428572,0.013392857142857142,0.004464285714285714,,,,,,,,,,
90,223,0,11,2.23,4.46,,0.026905829596412557,0.11210762331838565,0.16143497757847533,0.18834080717488788,0.18834080717488788,0.14349775784753363,0.08071748878923767,0.05829596412556054,0.02242152466367713,0.013452914798206279,0.004484304932735426,,,,,,,,,,
91,223,0,11,2.23,4.46,,0.02242152466367713,0.11659192825112108,0.15246636771300448,0.17937219730941703,0.19730941704035873,0.14798206278026907,0.08520179372197309,0.05829596412556054,0.02242152466367713,0.013452914798206279,,0.004484304932735426,,,,,,,,,
92,223,0,11,2.23,4.46,,0.02242152466367713,0.10762331838565023,0.15695067264573992,0.17937219730941703,0.19730941704035873,0.14798206278026907,0.08968609865470852,0.053811659192825115,0.026905829596412557,0.013452914798206279,,0.004484304932735426,,,,,,,,,
93,222,0,11,2.22,4.44,,0.018018018018018018,0.11261261261261261,0.13963963963963963,0.18468468468468469,0.20270270270270271,0.13513513513513514,0.0945945945945946,0.06306306306306306,0.03153153153153153,0.013513513513513514,,0.0045045045045045045,,,,,,,,,
94,222,0,12,2.22,4.44,,0.018018018018018018,0.11261261261261261,0.13513513513513514,0.18468468468468469,0.1981981981981982,0.13963963963963963,0.0945945945945946,0.06756756756756757,0.02702702702702703,0.013513513513513514,0.0045045045045045045,0.0045045045045045045,,,,,,,,,
95,220,0,12,2.2,4.4,,0.01818181818181818,0.10909090909090909,0.13636363636363635,0.18181818181818182,0.18181818181818182,0.15454545454545454,0.09545454545454546,0.06818181818181818,0.031818181818181815,0.013636363636363636,0.004545454545454545,0.004545454545454545,,,,,,,,,
96,219,0,12,2.19,4.38,,0.0182648401826484,0.1095890410958904,0.1278538812785388,0.1780821917808219,0.1735159817351598,0.1689497716894977,0.0867579908675799,0.0776255707762557,0.0319634703196347,0.0182648401826484,0.0045662100456621,,0.0045662100456621,,,,,,,,
97,218,0,12,2.18,4.36,,0.01834862385321101,0.11009174311926606,0.12385321100917432,0.16055045871559634,0.1926605504587156,0.16055045871559634,0.10091743119266056,0.06422018348623854,0.04128440366972477,0.01834862385321101,0.0045871559633027525,,0.0045871559633027525,,,,,,,,
98,215,0,12,2.15,4.3,,0.018604651162790697,0.10697674418604651,0.13023255813953488,0.15813953488372093,0.18604651162790697,0.14883720930232558,0.11627906976744186,0.06511627906976744,0.04186046511627907,0.018604651162790697,0.004651162790697674,,0.004651162790697674,,,,,,,,
99,215,0,12,2.15,4.3,,0.018604651162790697,0.10232558139534884,0.12558139534883722,0.14418604651162792,0.19534883720930232,0.16279069767441862,0.11162790697674418,0.06976744186046512,0.04186046511627907,0.018604651162790697,0.004651162790697674,,0.004651162790697674,,,,,,,,
100,214,0,12,2.14,4.28,,0.014018691588785047,0.09813084112149532,0.11682242990654206,0.16355140186915887,0.19158878504672897,0.1588785046728972,0.11682242990654206,0.06074766355140187,0.0514018691588785,0.018691588785046728,0.004672897196261682,,0.004672897196261682,,,,,,,,
101,213,0,12,2.13,4.26,,0.009389671361502348,0.09859154929577464,0.107981220657277,0.1784037558685446,0.18779342723004694,0.1643192488262911,0.10328638497652583,0.07042253521126761,0.046948356807511735,0.023474178403755867,0.004694835680751174,,0.004694835680751174,,,,,,,,
102,213,0,12,2.13,4.26,,0.009389671361502348,0.09389671361502347,0.107981220657277,0.17370892018779344,0.18779342723004694,0.1596244131455399,0.11267605633802817,0.07042253521126761,0.051643192488262914,0.023474178403755867,0.004694835680751174,,0.004694835680751174,,,,,,,,
103,212,0,12,2.12,4.24,,0.009433962264150943,0.08962264150943396,0.10377358490566038,0.17452830188679244,0.18396226415094338,0.1650943396226415,0.1179245283018868,0.0660377358490566,0.05188679245283019,0.02830188679245283,0.0047169811320754715,,0.0047169811320754715,,,,,,,,
104,212,0,12,2.12,4.24,,0.009433962264150943,0.08018867924528301,0.09905660377358491,0.1792452830188679,0.18867924528301888,0.16981132075471697,0.10377358490566038,0.07075471698113207,0.05188679245283019,0.03773584905660377,0.0047169811320754715,,0.0047169811320754715,,,,,,,,
105,211,0,12,2.11,4.22,,0.009478672985781991,0.08056872037914692,0.08530805687203792,0.18009478672985782,0.1895734597156398,0.17061611374407584,0.10900473933649289,0.07109004739336493,0.05687203791469194,0.037914691943127965,0.004739336492890996,,0.004739336492890996,,,,,,,,
106,210,0,12,2.1,4.2,,0.009523809523809525,0.08095238095238096,0.08095238095238096,0.18095238095238095,0.19047619047619047,0.15714285714285714,0.12380952380952381,0.07142857142857142,0.05238095238095238,0.04285714285714286,0.004761904761904762,,0.004761904761904762,,,,,,,,
107,209,0,12,2.09,4.18,,0.009569377990430622,0.07177033492822966,0.08133971291866028,0.17703349282296652,0.19138755980861244,0.16267942583732056,0.11483253588516747,0.0861244019138756,0.05263157894736842,0.03827751196172249,0.009569377990430622,,0.004784688995215311,,,,,,,,
108,209,0,12,2.09,4.18,,0.009569377990430622,0.06698564593301436,0.0861244019138756,0.1674641148325359,0.19138755980861244,0.1722488038277512,0.11004784688995216,0.09090909090909091,0.0430622009569378,0.04784688995215311,0.009569377990430622,,0.004784688995215311,,,,,,,,
109,209,0,12,2.09,4.18,,0.009569377990430622,0.06698564593301436,0.06698564593301436,0.18181818181818182,0.18181818181818182,0.17703349282296652,0.11483253588516747,0.09090909090909091,0.04784688995215311,0.04784688995215311,0.009569377990430622,,0.004784688995215311,,,,,,,,
110,208,0,12,2.08,4.16,,0.009615384615384616,0.052884615384615384,0.08173076923076923,0.18269230769230768,0.1778846153846154,0.16826923076923078,0.10576923076923077,0.10576923076923077,0.052884615384615384,0.04326923076923077,0.014423076923076924,,0.004807692307692308,,,,,,,,
111,208,0,12,2.08,4.16,,0.009615384615384616,0.04807692307692308,0.08653846153846154,0.17307692307692307,0.18269230769230768,0.16346153846153846,0.11538461538461539,0.10576923076923077,0.052884615384615384,0.028846153846153848,0.028846153846153848,,0.004807692307692308,,,,,,,,
112,208,0,12,2.08,4.16,,0.009615384615384616,0.04807692307692308,0.08653846153846154,0.16346153846153846,0.19230769230769232,0.16346153846153846,0.11057692307692307,0.11057692307692307,0.04807692307692308,0.028846153846153848,0.03365384615384615,,0.004807692307692308,,,,,,,,
113,208,0,12,2.08,4.16,,0.009615384615384616,0.04807692307692308,0.08653846153846154,0.15865384615384615,0.19230769230769232,0.14423076923076922,0.1201923076923077,0.11538461538461539,0.057692307692307696,0.02403846153846154,0.038461538461538464,,,0.004807692307692308,,,,,,,
114,206,0,12,2.06,4.12,,0.009708737864077669,0.038834951456310676,0.0825242718446602,0.1553398058252427,0.18932038834951456,0.15048543689320387,0.1262135922330097,0.11165048543689321,0.05825242718446602,0.02912621359223301,0.043689320388349516,,,0.0048543689320388345,,,,,,,
115,206,0,12,2.06,4.12,,0.009708737864077669,0.03398058252427184,0.0825242718446602,0.1553398058252427,0.18932038834951456,0.1553398058252427,0.12135922330097088,0.10679611650485436,0.06796116504854369,0.02912621359223301,0.043689320388349516,,,0.0048543689320388345,,,,,,,
116,205,0,13,2.05,4.1,,0.00975609756097561,0.02926829268292683,0.07804878048780488,0.16097560975609757,0.18048780487804877,0.15609756097560976,0.12682926829268293,0.1024390243902439,0.06829268292682927,0.03902439024390244,0.03902439024390244,0.004878048780487805,,0.004878048780487805,,,,,,,
117,205,0,13,2.05,4.1,,0.00975609756097561,0.024390243902439025,0.08292682926829269,0.15121951219512195,0.18536585365853658,0.15121951219512195,0.12682926829268293,0.11219512195121951,0.06829268292682927,0.03902439024390244,0.03902439024390244,0.004878048780487805,,0.004878048780487805,,,,,,,
118,205,0,13,2.05,4.1,,0.00975609756097561,0.024390243902439025,0.08292682926829269,0.14634146341463414,0.17073170731707318,0.16097560975609757,0.12682926829268293,0.12195121951219512,0.06829268292682927,0.03902439024390244,0.03414634146341464,0.00975609756097561,,0.004878048780487805,,,,,,,
119,204,0,13,2.04,4.08,,0.00980392156862745,0.014705882352941176,0.0784313725490196,0.14215686274509803,0.17647058823529413,0.1568627450980392,0.12745098039215685,0.12745098039215685,0.07352941176470588,0.04411764705882353,0.03431372549019608,0.00980392156862745,,0.004901960784313725,,,,,,,
120,204,0,13,2.04,4.08,,0.00980392156862745,0.00980392156862745,0.0784313725490196,0.1323529411764706,0.18137254901960784,0.16666666666666666,0.12254901960784313,0.12745098039215685,0.07352941176470588,0.049019607843137254,0.03431372549019608,0.00980392156862745,,,0.004901960784313725,,,,,,
121,204,0,13,2.04,4.08,,0.004901960784313725,0.014705882352941176,0.07352941176470588,0.12745098039215685,0.18137254901960784,0.16666666666666666,0.12745098039215685,0.12254901960784313,0.08333333333333333,0.049019607843137254,0.029411764705882353,0.014705882352941176,,,0.004901960784313725,,,,,,
122,203,0,14,2.0300000000000002,4.0600000000000005,,0.0049261083743842365,0.014778325123152709,0.06896551724137931,0.12807881773399016,0.18226600985221675,0.16748768472906403,0.12315270935960591,0.12807881773399016,0.06896551724137931,0.06403940886699508,0.024630541871921183,0.014778325123152709,0.0049261083743842365,,0.0049261083743842365,,,,,,
123,203,0,14,2.0300000000000002,4.0600000000000005,,0.0049261083743842365,0.009852216748768473,0.07389162561576355,0.12315270935960591,0.18719211822660098,0.15763546798029557,0.1330049261083744,0.12315270935960591,0.07389162561576355,0.059113300492610835,0.024630541871921183,0.019704433497536946,0.0049261083743842365,,0.0049261083743842365,,,,,,
124,202,0,13,2.02,4.04,,,0.009900990099009901,0.07425742574257425,0.12376237623762376,0.18316831683168316,0.1485148514851485,0.1485148514851485,0.11386138613861387,0.08415841584158416,0.0594059405940594,0.024752475247524754,0.019801980198019802,0.0049504950495049506,,0.0049504950495049506,,,,,,
125,202,0,13,2.02,4.04,,,0.009900990099009901,0.07425742574257425,0.1188118811881188,0.17326732673267325,0.15346534653465346,0.14356435643564355,0.12376237623762376,0.08415841584158416,0.0594059405940594,0.0297029702970297,0.019801980198019802,0.0049504950495049506,,0.0049504950495049506,,,,,,
126,200,0,13,2.0,4.0,,,0.01,0.065,0.12,0.165,0.165,0.15,0.11,0.095,0.05,0.04,0.02,0.005,,0.005,,,,,,
127,200,0,13,2.0,4.0,,,0.01,0.065,0.11,0.16,0.175,0.15,0.11,0.1,0.05,0.035,0.025,0.005,,0.005,,,,,,
128,199,0,13,1.99,3.98,,,0.010050251256281407,0.06532663316582915,0.10552763819095477,0.15577889447236182,0.18592964824120603,0.1457286432160804,0.11055276381909548,0.10050251256281408,0.04522613065326633,0.04020100502512563,0.02512562814070352,0.005025125628140704,,0.005025125628140704,,,,,,
129,197,0,13,1.97,3.94,,,0.01015228426395939,0.06598984771573604,0.09644670050761421,0.15736040609137056,0.18781725888324874,0.14720812182741116,0.10152284263959391,0.10152284263959391,0.05583756345177665,0.04060913705583756,0.025380710659898477,0.005076142131979695,,0.005076142131979695,,,,,,
130,197,0,13,1.97,3.94,,,0.01015228426395939,0.05583756345177665,0.10152284263959391,0.15736040609137056,0.18781725888324874,0.14213197969543148,0.1116751269035533,0.10152284263959391,0.05583756345177665,0.03553299492385787,0.030456852791878174,0.005076142131979695,,,0.005076142131979695,,,,,
131,197,0,13,1.97,3.94,,,0.01015228426395939,0.050761421319796954,0.10152284263959391,0.15228426395939088,0.19289340101522842,0.14720812182741116,0.1116751269035533,0.10152284263959391,0.050761421319796954,0.04060913705583756,0.030456852791878174,0.005076142131979695,,,0.005076142131979695,,,,,
132,197,0,12,1.97,3.94,,,,0.06091370558375635,0.09137055837563451,0.14720812182741116,0.20304568527918782,0.14720812182741116,0.1116751269035533,0.1065989847715736,0.050761421319796954,0.04060913705583756,0.025380710659898477,0.01015228426395939,,,0.005076142131979695,,,,,
133,196,0,12,1.96,3.92,,,,0.05612244897959184,0.09693877551020408,0.12755102040816327,0.2193877551020408,0.12755102040816327,0.1377551020408163,0.10204081632653061,0.05102040816326531,0.04081632653061224,0.02040816326530612,0.015306122448979591,,,0.00510204081632653,,,,,
134,195,0,13,1.95,3.9,,,,0.05128205128205128,0.09230769230769231,0.13333333333333333,0.2205128205128205,0.1282051282051282,0.13333333333333333,0.1076923076923077,0.046153846153846156,0.046153846153846156,0.020512820512820513,0.010256410256410256,0.005128205128205128,,0.005128205128205128,,,,,
135,195,0,13,1.95,3.9,,,,0.05128205128205128,0.09230769230769231,0.1282051282051282,0.2153846153846154,0.13333333333333333,0.1282051282051282,0.11282051282051282,0.046153846153846156,0.046153846153846156,0.020512820512820513,0.015384615384615385,0.005128205128205128,,0.005128205128205128,,,,,
136,195,0,13,1.95,3.9,,,,0.05128205128205128,0.08717948717948718,0.13333333333333333,0.20512820512820512,0.13846153846153847,0.1282051282051282,0.10256410256410256,0.05641025641025641,0.05128205128205128,0.020512820512820513,0.015384615384615385,0.005128205128205128,,0.005128205128205128,,,,,
137,194,0,13,1.94,3.88,,,,0.04639175257731959,0.09278350515463918,0.12886597938144329,0.1958762886597938,0.13917525773195877,0.12371134020618557,0.1134020618556701,0.05154639175257732,0.061855670103092786,0.015463917525773196,0.020618556701030927,0.005154639175257732,,0.005154639175257732,,,,,
138,194,0,13,1.94,3.88,,,,0.04639175257731959,0.09278350515463918,0.10824742268041238,0.20618556701030927,0.13917525773195877,0.12886597938144329,0.11855670103092783,0.05154639175257732,0.061855670103092786,0.015463917525773196,0.020618556701030927,0.005154639175257732,,0.005154639175257732,,,,,
139,193,0,13,1.93,3.86,,,,0.046632124352331605,0.08808290155440414,0.10362694300518134,0.19689119170984457,0.14507772020725387,0.13989637305699482,0.11917098445595854,0.046632124352331605,0.06735751295336788,0.015544041450777202,0.02072538860103627,0.0051813471502590676,,0.0051813471502590676,,,,,
140,193,0,13,1.93,3.86,,,,0.03626943005181347,0.09844559585492228,0.09844559585492228,0.19689119170984457,0.14507772020725387,0.14507772020725387,0.11398963730569948,0.046632124352331605,0.07253886010362694,0.015544041450777202,0.02072538860103627,0.0051813471502590676,,0.0051813471502590676,,,,,
141,193,0,13,1.93,3.86,,,,0.025906735751295335,0.09844559585492228,0.09844559585492228,0.19689119170984457,0.14507772020725387,0.13471502590673576,0.12953367875647667,0.05181347150259067,0.06735751295336788,0.02072538860103627,0.02072538860103627,,0.0051813471502590676,0.0051813471502590676,,,,,
142,191,0,13,1.9100000000000001,3.8200000000000003,,,,0.02617801047120419,0.09947643979057591,0.09424083769633508,0.20418848167539266,0.14136125654450263,0.13089005235602094,0.13612565445026178,0.04712041884816754,0.07329842931937172,0.020942408376963352,0.015706806282722512,,0.005235602094240838,0.005235602094240838,,,,,
143,190,0,13,1.9000000000000001,3.8000000000000003,,,,0.02631578947368421,0.1,0.09473684210526316,0.18947368421052632,0.14736842105263157,0.12631578947368421,0.14736842105263157,0.04736842105263158,0.07368421052631578,0.021052631578947368,0.015789473684210527,,0.005263157894736842,0.005263157894736842,,,,,
144,189,0,12,1.8900000000000001,3.7800000000000002,,,,0.021164021164021163,0.10052910052910052,0.10052910052910052,0.17989417989417988,0.15343915343915343,0.13227513227513227,0.13756613756613756,0.05291005291005291,0.0582010582010582,0.037037037037037035,0.015873015873015872,,,0.010582010582010581,,,,,
145,189,0,13,1.8900000000000001,3.7800000000000002,,,,0.015873015873015872,0.10582010582010581,0.09523809523809523,0.17989417989417988,0.15343915343915343,0.13227513227513227,0.13227513227513227,0.06349206349206349,0.047619047619047616,0.042328042328042326,0.015873015873015872,0.005291005291005291,,0.010582010582010581,,,,,
146,189,0,13,1.8900000000000001,3.7800000000000002,,,,0.015873015873015872,0.10052910052910052,0.09523809523809523,0.15343915343915343,0.1746031746031746,0.13756613756613756,0.13227513227513227,0.06349206349206349,0.05291005291005291,0.042328042328042326,0.010582010582010581,0.010582010582010581,,0.010582010582010581,,,,,
147,189,0,15,1.8900000000000001,3.7800000000000002,,,,0.015873015873015872,0.09523809523809523,0.08465608465608465,0.15873015873015872,0.17989417989417988,0.12698412698412698,0.13227513227513227,0.07407407407407407,0.0582010582010582,0.042328042328042326,0.010582010582010581,0.005291005291005291,0.005291005291005291,0.005291005291005291,0.005291005291005291,,,,
148,189,0,14,1.8900000000000001,3.7800000000000002,,,,0.015873015873015872,0.08994708994708994,0.07407407407407407,0.1693121693121693,0.1746031746031746,0.13756613756613756,0.12698412698412698,0.07407407407407407,0.0582010582010582,0.042328042328042326,0.015873015873015872,,0.010582010582010581,0.005291005291005291,,0.005291005291005291,,,
149,188,0,14,1.8800000000000001,3.7600000000000002,,,,0.015957446808510637,0.07446808510638298,0.09042553191489362,0.14893617021276595,0.17553191489361702,0.15425531914893617,0.12234042553191489,0.0797872340425532,0.05319148936170213,0.047872340425531915,0.015957446808510637,,0.010638297872340425,0.005319148936170213,,,0.005319148936170213,,
150,188,0,14,1.8800000000000001,3.7600000000000002,,,,0.015957446808510637,0.07446808510638298,0.09042553191489362,0.14361702127659576,0.15425531914893617,0.1702127659574468,0.12234042553191489,0.07446808510638298,0.06382978723404255,0.05319148936170213,0.015957446808510637,,0.010638297872340425,0.005319148936170213,,,0.005319148936170213,,
151,188,0,15,1.8800000000000001,3.7600000000000002,,,,0.015957446808510637,0.07446808510638298,0.09042553191489362,0.13297872340425532,0.1595744680851064,0.16489361702127658,0.1276595744680851,0.07446808510638298,0.06914893617021277,0.05319148936170213,0.015957446808510637,,0.005319148936170213,0.005319148936170213,0.005319148936170213,,0.005319148936170213,,
152,188,0,15,1.8800000000000001,3.7600000000000002,,,,0.010638297872340425,0.0797872340425532,0.09042553191489362,0.12234042553191489,0.15425531914893617,0.1702127659574468,0.1276595744680851,0.0797872340425532,0.07446808510638298,0.05319148936170213,0.015957446808510637,,0.005319148936170213,0.005319148936170213,,0.005319148936170213,0.005319148936170213,,
153,188,0,15,1.8800000000000001,3.7600000000000002,,,,0.010638297872340425,0.07446808510638298,0.09042553191489362,0.12234042553191489,0.15425531914893617,0.16489361702127658,0.13297872340425532,0.07446808510638298,0.0851063829787234,0.0425531914893617,0.026595744680851064,,0.005319148936170213,0.005319148936170213,,0.005319148936170213,0.005319148936170213,,
154,188,0,15,1.8800000000000001,3.7600000000000002,,,,0.005319148936170213,0.06382978723404255,0.09574468085106383,0.12234042553191489,0.15425531914893617,0.1702127659574468,0.13829787234042554,0.07446808510638298,0.0851063829787234,0.0425531914893617,0.026595744680851064,,0.005319148936170213,0.005319148936170213,,0.005319148936170213,0.005319148936170213,,
155,188,0,16,1.8800000000000001,3.7600000000000002,,,,0.005319148936170213,0.05851063829787234,0.09574468085106383,0.12234042553191489,0.14893617021276595,0.18085106382978725,0.12234042553191489,0.09042553191489362,0.0851063829787234,0.0425531914893617,0.02127659574468085,0.005319148936170213,0.005319148936170213,,0.005319148936170213,0.005319148936170213,0.005319148936170213,,
156,187,0,16,1.87,3.74,,,,0.0053475935828877,0.058823529411764705,0.0962566844919786,0.11764705882352941,0.1497326203208556,0.1711229946524064,0.13368983957219252,0.0855614973262032,0.0855614973262032,0.0481283422459893,0.0213903743315508,0.0053475935828877,0.0053475935828877,,0.0053475935828877,0.0053475935828877,0.0053475935828877,,
157,187,0,16,1.87,3.74,,,,0.0053475935828877,0.0481283422459893,0.10160427807486631,0.11229946524064172,0.1497326203208556,0.1657754010695187,0.13903743315508021,0.09090909090909091,0.09090909090909091,0.0427807486631016,0.026737967914438502,0.0053475935828877,0.0053475935828877,,0.0053475935828877,0.0053475935828877,0.0053475935828877,,
158,186,0,16,1.86,3.72,,,,0.005376344086021506,0.043010752688172046,0.10752688172043011,0.10752688172043011,0.14516129032258066,0.17204301075268819,0.11290322580645161,0.11827956989247312,0.08064516129032258,0.053763440860215055,0.026881720430107527,0.005376344086021506,0.005376344086021506,,0.005376344086021506,0.005376344086021506,0.005376344086021506,,
159,186,0,16,1.86,3.72,,,,0.005376344086021506,0.043010752688172046,0.0913978494623656,0.11827956989247312,0.13978494623655913,0.17204301075268819,0.12365591397849462,0.10752688172043011,0.08602150537634409,0.053763440860215055,0.03225806451612903,0.005376344086021506,0.005376344086021506,,0.005376344086021506,0.005376344086021506,,0.005376344086021506,
160,186,0,16,1.86,3.72,,,,0.005376344086021506,0.043010752688172046,0.0913978494623656,0.11290322580645161,0.14516129032258066,0.16129032258064516,0.12903225806451613,0.10215053763440861,0.0967741935483871,0.04838709677419355,0.03763440860215054,0.005376344086021506,0.005376344086021506,,0.005376344086021506,0.005376344086021506,,0.005376344086021506,
161,186,0,16,1.86,3.72,,,,0.005376344086021506,0.03763440860215054,0.0913978494623656,0.11290322580645161,0.15053763440860216,0.16129032258064516,0.12365591397849462,0.10215053763440861,0.0967741935483871,0.053763440860215055,0.03763440860215054,0.005376344086021506,0.005376344086021506,,0.005376344086021506,0.005376344086021506,,0.005376344086021506,
162,186,0,16,1.86,3.72,,,,0.005376344086021506,0.03225806451612903,0.0913978494623656,0.11290322580645161,0.15591397849462366,0.15591397849462366,0.11290322580645161,0.11827956989247312,0.0913978494623656,0.05913978494623656,0.03763440860215054,0.005376344086021506,0.005376344086021506,,0.005376344086021506,0.005376344086021506,,0.005376344086021506,
163,186,0,15,1.86,3.72,,,,0.005376344086021506,0.026881720430107527,0.0967741935483871,0.10215053763440861,0.15053763440860216,0.16129032258064516,0.12365591397849462,0.11827956989247312,0.07526881720430108,0.06989247311827956,0.043010752688172046,,0.010752688172043012,,,0.005376344086021506,0.005376344086021506,0.005376344086021506,
164,185,0,15,1.85,3.7,,,,0.005405405405405406,0.02702702702702703,0.0918918918918919,0.10270270270270271,0.14594594594594595,0.17297297297297298,0.11891891891891893,0.11891891891891893,0.07027027027027027,0.07567567567567568,0.043243243243243246,0.005405405405405406,0.010810810810810811,,,,0.005405405405405406,0.005405405405405406,
165,185,0,15,1.85,3.7,,,,0.005405405405405406,0.02702702702702703,0.08648648648648649,0.10270270270270271,0.14054054054054055,0.16216216216216217,0.13513513513513514,0.12432432432432433,0.06486486486486487,0.08108108108108109,0.03783783783783784,0.010810810810810811,0.010810810810810811,,,,0.005405405405405406,0.005405405405405406,
166,185,0,15,1.85,3.7,,,,0.005405405405405406,0.016216216216216217,0.0918918918918919,0.10810810810810811,0.12972972972972974,0.16756756756756758,0.13513513513513514,0.12972972972972974,0.06486486486486487,0.07567567567567568,0.043243243243243246,0.010810810810810811,0.010810810810810811,,,,0.005405405405405406,0.005405405405405406,
167,185,0,15,1.85,3.7,,,,0.005405405405405406,0.016216216216216217,0.0918918918918919,0.0972972972972973,0.13513513513513514,0.17297297297297298,0.12972972972972974,0.12972972972972974,0.05945945945945946,0.07567567567567568,0.04864864864864865,0.016216216216216217,0.010810810810810811,,,,0.005405405405405406,0.005405405405405406,
168,185,0,16,1.85,3.7,,,,0.005405405405405406,0.016216216216216217,0.0918918918918919,0.0972972972972973,0.13513513513513514,0.14594594594594595,0.15675675675675677,0.11891891891891893,0.07027027027027027,0.06486486486486487,0.05405405405405406,0.021621621621621623,0.005405405405405406,0.005405405405405406,,,0.005405405405405406,0.005405405405405406,
169,185,0,16,1.85,3.7,,,,0.005405405405405406,0.016216216216216217,0.08648648648648649,0.0918918918918919,0.14594594594594595,0.14054054054054055,0.15675675675675677,0.11351351351351352,0.07027027027027027,0.06486486486486487,0.06486486486486487,0.016216216216216217,0.010810810810810811,0.005405405405405406,,,0.005405405405405406,,0.005405405405405406
170,185,0,16,1.85,3.7,,,,0.005405405405405406,0.016216216216216217,0.08648648648648649,0.0918918918918919,0.14054054054054055,0.13513513513513514,0.15135135135135136,0.11351351351351352,0.08648648648648649,0.06486486486486487,0.06486486486486487,0.016216216216216217,0.010810810810810811,0.005405405405405406,,,0.005405405405405406,,0.005405405405405406
171,184,0,16,1.84,3.68,,,,0.005434782608695652,0.010869565217391304,0.09239130434782608,0.09239130434782608,0.1358695652173913,0.13043478260869565,0.15760869565217392,0.11413043478260869,0.08695652173913043,0.05434782608695652,0.07608695652173914,0.016304347826086956,0.010869565217391304,0.005434782608695652,,,0.005434782608695652,,0.005434782608695652
172,183,0,16,1.83,3.66,,,,0.00546448087431694,0.01092896174863388,0.08743169398907104,0.09836065573770492,0.13114754098360656,0.1366120218579235,0.15300546448087432,0.1092896174863388,0.08743169398907104,0.060109289617486336,0.07650273224043716,0.01639344262295082,0.01092896174863388,0.00546448087431694,,,0.00546448087431694,,0.00546448087431694
173,183,0,16,1.83,3.66,,,,0.00546448087431694,0.00546448087431694,0.09289617486338798,0.09289617486338798,0.1366120218579235,0.1366120218579235,0.15300546448087432,0.10382513661202186,0.09289617486338798,0.060109289617486336,0.07650273224043716,0.01092896174863388,0.01639344262295082,0.00546448087431694,,,0.00546448087431694,,0.00546448087431694
174,183,0,16,1.83,3.66,,,,0.00546448087431694,0.00546448087431694,0.08743169398907104,0.07650273224043716,0.15300546448087432,0.1366120218579235,0.15300546448087432,0.10382513661202186,0.08196721311475409,0.07103825136612021,0.07650273224043716,0.01639344262295082,0.01092896174863388,0.01092896174863388,,,0.00546448087431694,,0.00546448087431694
175,183,0,16,1.83,3.66,,,,0.00546448087431694,0.00546448087431694,0.08196721311475409,0.07650273224043716,0.15300546448087432,0.13114754098360656,0.15846994535519127,0.09289617486338798,0.09289617486338798,0.07650273224043716,0.07103825136612021,0.02185792349726776,0.01092896174863388,0.01092896174863388,,,0.00546448087431694,,0.00546448087431694
176,183,0,16,1.83,3.66,,,,0.00546448087431694,0.00546448087431694,0.08196721311475409,0.07650273224043716,0.15300546448087432,0.13114754098360656,0.15300546448087432,0.09289617486338798,0.09289617486338798,0.07103825136612021,0.08196721311475409,0.02185792349726776,0.01092896174863388,0.01092896174863388,,,0.00546448087431694,,0.00546448087431694
177,183,0,16,1.83,3.66,,,,0.00546448087431694,0.00546448087431694,0.07103825136612021,0.08196721311475409,0.15300546448087432,0.1366120218579235,0.14754098360655737,0.09836065573770492,0.08743169398907104,0.07650273224043716,0.08196721311475409,0.02185792349726776,0.01092896174863388,0.01092896174863388,,,0.00546448087431694,,0.00546448087431694
178,182,0,16,1.82,3.64,,,,0.005494505494505495,0.005494505494505495,0.06043956043956044,0.08791208791208792,0.14835164835164835,0.13736263736263737,0.13736263736263737,0.10989010989010989,0.06043956043956044,0.1043956043956044,0.08791208791208792,0.02197802197802198,0.01098901098901099,0.01098901098901099,,,0.005494505494505495,,0.005494505494505495
179,182,0,16,1.82,3.64,,,,0.005494505494505495,0.005494505494505495,0.06043956043956044,0.08241758241758242,0.13736263736263737,0.15384615384615385,0.13736263736263737,0.10989010989010989,0.06043956043956044,0.0989010989010989,0.08241758241758242,0.03296703296703297,0.01098901098901099,0.01098901098901099,,,0.005494505494505495,,0.005494505494505495
180,180,0,15,1.8,3.6,,,,,0.011111111111111112,0.06111111111111111,0.08333333333333333,0.13333333333333333,0.15555555555555556,0.14444444444444443,0.10555555555555556,0.05555555555555555,0.1,0.07222222222222222,0.044444444444444446,0.011111111111111112,0.011111111111111112,,,0.005555555555555556,,0.005555555555555556
181,179,0,15,1.79,3.58,,,,,0.0111731843575419,0.061452513966480445,0.0782122905027933,0.13966480446927373,0.1452513966480447,0.13966480446927373,0.11173184357541899,0.0446927374301676,0.11731843575418995,0.07262569832402235,0.0446927374301676,0.0111731843575419,0.0111731843575419,,,0.00558659217877095,,0.00558659217877095
182,179,0,15,1.79,3.58,,,,,0.0111731843575419,0.061452513966480445,0.07262569832402235,0.1452513966480447,0.13966480446927373,0.1340782122905028,0.11731843575418995,0.03910614525139665,0.12849162011173185,0.07262569832402235,0.0446927374301676,0.0111731843575419,0.0111731843575419,,,0.00558659217877095,,0.00558659217877095
183,178,0,15,1.78,3.56,,,,,0.011235955056179775,0.06179775280898876,0.06741573033707865,0.14606741573033707,0.1348314606741573,0.11797752808988764,0.1348314606741573,0.03932584269662921,0.12359550561797752,0.08426966292134831,0.03932584269662921,0.011235955056179775,0.016853932584269662,,,0.0056179775280898875,,0.0056179775280898875
184,178,0,15,1.78,3.56,,,,,0.011235955056179775,0.06179775280898876,0.06179775280898876,0.14606741573033707,0.12921348314606743,0.12921348314606743,0.12921348314606743,0.0449438202247191,0.11797752808988764,0.0898876404494382,0.03932584269662921,0.0056179775280898875,0.02247191011235955,,,0.0056179775280898875,,0.0056179775280898875
185,178,0,15,1.78,3.56,,,,,0.011235955056179775,0.06179775280898876,0.06179775280898876,0.1404494382022472,0.12921348314606743,0.12921348314606743,0.11797752808988764,0.05056179775280899,0.12921348314606743,0.0898876404494382,0.03932584269662921,0.0056179775280898875,0.02247191011235955,,,0.0056179775280898875,,0.0056179775280898875
186,178,0,15,1.78,3.56,,,,,0.011235955056179775,0.056179775280898875,0.06179775280898876,0.1348314606741573,0.1348314606741573,0.1348314606741573,0.11235955056179775,0.056179775280898875,0.12921348314606743,0.0898876404494382,0.03932584269662921,0.0056179775280898875,0.02247191011235955,,,0.0056179775280898875,,0.0056179775280898875
187,178,0,15,1.78,3.56,,,,,0.011235955056179775,0.056179775280898875,0.06179775280898876,0.12359550561797752,0.12359550561797752,0.1404494382022472,0.12921348314606743,0.056179775280898875,0.12359550561797752,0.09550561797752809,0.028089887640449437,0.016853932584269662,0.02247191011235955,,,0.0056179775280898875,,0.0056179775280898875
188,177,0,15,1.77,3.54,,,,,0.011299435028248588,0.05649717514124294,0.05649717514124294,0.11299435028248588,0.11864406779661017,0.15254237288135594,0.13559322033898305,0.05649717514124294,0.11864406779661017,0.096045197740113,0.02824858757062147,0.022598870056497175,0.022598870056497175,,,0.005649717514124294,,0.005649717514124294
189,177,0,15,1.77,3.54,,,,,0.011299435028248588,0.05649717514124294,0.05649717514124294,0.10734463276836158,0.12429378531073447,0.14124293785310735,0.14689265536723164,0.05084745762711865,0.11864406779661017,0.1016949152542373,0.022598870056497175,0.02824858757062147,0.022598870056497175,,,0.005649717514124294,,0.005649717514124294
190,177,0,15,1.77,3.54,,,,,0.005649717514124294,0.05649717514124294,0.05649717514124294,0.11299435028248588,0.11864406779661017,0.14689265536723164,0.14689265536723164,0.04519774011299435,0.12429378531073447,0.1016949152542373,0.022598870056497175,0.022598870056497175,0.02824858757062147,,,0.005649717514124294,,0.005649717514124294
191,177,0,14,1.77,3.54,,,,,,0.062146892655367235,0.05649717514124294,0.10734463276836158,0.11864406779661017,0.15254237288135594,0.14124293785310735,0.03954802259887006,0.13559322033898305,0.0903954802259887,0.03389830508474576,0.022598870056497175,0.02824858757062147,,,0.005649717514124294,,0.005649717514124294
192,176,0,14,1.76,3.52,,,,,,0.0625,0.056818181818181816,0.10795454545454546,0.11931818181818182,0.14204545454545456,0.13636363636363635,0.056818181818181816,0.125,0.07954545454545454,0.05113636363636364,0.022727272727272728,0.028409090909090908,,,0.005681818181818182,,0.005681818181818182
193,175,0,14,1.75,3.5,,,,,,0.06285714285714286,0.05714285714285714,0.09714285714285714,0.12571428571428572,0.13142857142857142,0.14857142857142858,0.05714285714285714,0.12,0.08,0.05714285714285714,0.022857142857142857,0.02857142857142857,,,0.005714285714285714,,0.005714285714285714
194,174,0,14,1.74,3.48,,,,,,0.06321839080459771,0.05747126436781609,0.09770114942528736,0.12643678160919541,0.13218390804597702,0.14942528735632185,0.04597701149425287,0.13218390804597702,0.08045977011494253,0.05172413793103448,0.022988505747126436,0.028735632183908046,,,0.005747126436781609,,0.005747126436781609
195,174,0,14,1.74,3.48,,,,,,0.06321839080459771,0.05747126436781609,0.08620689655172414,0.12643678160919541,0.12643678160919541,0.16091954022988506,0.05172413793103448,0.12643678160919541,0.08045977011494253,0.05747126436781609,0.022988505747126436,0.028735632183908046,,,0.005747126436781609,,0.005747126436781609
196,173,0,15,1.73,3.46,,,,,,0.057803468208092484,0.057803468208092484,0.08670520231213873,0.12716763005780346,0.11560693641618497,0.17341040462427745,0.046242774566473986,0.12716763005780346,0.08092485549132948,0.06358381502890173,0.023121387283236993,0.023121387283236993,0.005780346820809248,,0.005780346820809248,,0.005780346820809248
197,172,0,15,1.72,3.44,,,,,,0.05813953488372093,0.05813953488372093,0.0872093023255814,0.12790697674418605,0.11627906976744186,0.1744186046511628,0.046511627906976744,0.12790697674418605,0.06976744186046512,0.05813953488372093,0.03488372093023256,0.023255813953488372,0.005813953488372093,,0.005813953488372093,,0.005813953488372093
198,171,0,15,1.71,3.42,,,,,,0.05263157894736842,0.05263157894736842,0.0935672514619883,0.12280701754385964,0.11695906432748537,0.16374269005847952,0.06432748538011696,0.11695906432748537,0.07017543859649122,0.05847953216374269,0.04678362573099415,0.017543859649122806,0.011695906432748537,,0.005847953216374269,,0.005847953216374269
199,169,0,14,1.69,3.38,,,,,,0.05325443786982249,0.05325443786982249,0.08875739644970414,0.11834319526627218,0.1301775147928994,0.14792899408284024,0.07100591715976332,0.11242603550295859,0.08284023668639054,0.05917159763313609,0.04142011834319527,0.023668639053254437,0.011834319526627219,,,,0.005917159763313609
